{
    "auroc": 0.836491772835898,
    "auprc": 0.833638208952054,
    "test_loss": 1.1821179373756698,
    "sensitivity": 0.6629526462395543,
    "specificity": 0.8770491803278688,
    "accuracy": 0.7710344827586207,
    "thred_optim": 0.4546685814857483,
    "best_epoch": 62,
    "F1": 0.7922361860687286,
    "Precision": 0.7262443438914027
}